year,Country_no,Country,GDP_G,INF,UNEMP,TRADE,POPTOL,GDP_CAPG,CPI_S,CPI_R,INC1,INC50
1995,1,japan,2.630999616,-0.127899045,3.200000048,16.39010493,125472000,2.390519558,67.2,20,0.1041,0.0497
1996,1,japan,3.133870993,0.136600359,3.400000095,18.25386823,125757000,2.900141234,70.5,17,0.1107,0.0495
1997,1,japan,0.981228732,1.747804587,3.400000095,19.78351762,126057000,0.740905953,65.7,21,0.1048,0.0495
1998,1,japan,-1.270330495,0.661974191,4.099999905,19.00318622,126400000,-1.538244076,58,25,0.1037,0.0494
1999,1,japan,-0.333929958,-0.341296928,4.699999809,18.12563072,126631000,-0.51574059,60,25,0.1063,0.0493
2000,1,japan,2.764647551,-0.676578684,4.75,19.56237158,126843000,2.592891087,64,23,0.113,0.049
2001,1,japan,0.386103426,-0.740055504,5.019999981,19.55960447,127149000,0.14451169,71,21,0.1155,0.0487
2002,1,japan,0.041962499,-0.923494027,5.389999866,20.44712207,127445000,-0.190392014,71,20,0.1184,0.0483
2003,1,japan,1.535125499,-0.256541816,5.25,21.32612527,127718000,1.318091962,70,21,0.1231,0.0479
2004,1,japan,2.186115694,-0.008573388,4.730000019,23.66435342,127761000,2.151723329,69,24,0.1311,0.0475
2005,1,japan,1.803900872,-0.282946069,4.449999809,26.22995458,127773000,1.794339801,73,21,0.1355,0.0474
2006,1,japan,1.372350128,0.249355116,4.190000057,30.0163761,127854000,1.308127183,76,17,0.1371,0.0473
2007,1,japan,1.483969412,0.060039454,3.890000105,32.81657805,128001000,1.367422326,75,17,0.1374,0.0472
2008,1,japan,-1.224289001,1.380078862,4,34.12947654,128063000,-1.272109949,73,18,0.1299,0.0475
2009,1,japan,-5.693236359,-1.35283673,5.070000172,24.39016653,128047000,-5.68145234,77,17,0.1227,0.048
2010,1,japan,4.097917919,-0.728243208,5.099999905,28.49847269,128070000,4.079223048,78,17,0.1283,0.0478
2011,1,japan,0.023809524,-0.272455616,4.550000191,30.19496073,127833000,0.209251803,80,14,0.1265,0.0478
2012,1,japan,1.374750999,-0.04406451,4.360000134,30.47091092,127629000,1.536786659,74,17,0.1272,0.0478
2013,1,japan,2.005100177,0.335037912,4,33.97876865,127445000,2.152371066,74,18,0.1289,0.0477
2014,1,japan,0.296205514,2.759226714,3.599999905,37.43143457,127276000,0.429381123,76,15,0.1286,0.0478
2015,1,japan,1.560626697,0.795279631,3.400000095,35.42740835,127141000,1.668465117,75,18,0.1296,0.0477
2016,1,japan,0.753826746,-0.127258844,3.099999905,31.31024685,127076000,0.805362825,72,20,0.129,0.0477
2017,1,japan,1.675331752,0.484199796,2.799999952,34.42321357,126972000,1.758611802,73,20,0.1286,0.0478
2018,1,japan,0.584068067,0.989094598,2.400000095,36.63206385,126811000,0.711770198,73,18,0.1286,0.0478
2019,1,japan,-0.240350841,0.468776159,2.400000095,35.1798202,126633000,-0.100125011,73,20,0.1286,0.0477
2020,1,japan,-4.506904542,-0.024995834,2.799999952,31.35871163,126261000,-4.225555341,74,19,0.1286,0.0477
2021,1,japan,1.657071117,-0.233352779,2.799000025,37.37998649,125681593,2.125722232,73,18,0.1286,0.0477
1995,2,philippines,4.625225117,6.83199611,3.625,57.33055798,69250468,2.20762823,27.7,36,0.2145,0.0249
1996,2,philippines,5.860347872,7.476103778,3.592999935,63.85530355,70944969,3.331902686,26.9,44,0.2328,0.0167
1997,2,philippines,5.186411674,5.590259397,3.617000103,77.22864592,72718837,2.620545423,30.5,40,0.2496,0.0105
1998,2,philippines,-0.5140906,9.234934323,3.805000067,80.07720152,74491918,-2.882086759,33,55,0.2382,0.0154
1999,2,philippines,3.346451184,5.939049018,3.690999985,77.16149371,76249064,0.964850758,36,54,0.2261,0.0189
2000,2,philippines,4.382504833,3.977125032,3.653000116,85.15336858,77958223,2.094018889,28,69,0.2164,0.0259
2001,2,philippines,3.04923151,5.345501956,3.700000048,84.90038862,79626086,0.890742891,29,65,0.2066,0.031
2002,2,philippines,3.716255002,2.722772277,3.625999928,83.84480409,81285572,1.598835281,26,77,0.1934,0.0337
2003,2,philippines,5.086911135,2.289156627,3.529999971,87.57464436,82942837,2.987189615,25,92,0.1791,0.0377
2004,2,philippines,6.569228512,4.829210836,3.549999952,87.12528482,84607501,4.472464559,26,102,0.181,0.0383
2005,2,philippines,4.942505119,6.516853933,3.799999952,83.84567457,86261250,2.930610289,25,117,0.1807,0.0382
2006,2,philippines,5.316416821,5.485232068,4.050000191,80.85053867,87901835,3.350809008,25,121,0.1796,0.0394
2007,2,philippines,6.51929155,2.9,3.430000067,73.64497999,89561377,4.545525134,25,131,0.1782,0.0396
2008,2,philippines,4.344487305,8.260447036,3.720000029,67.68107077,91252326,2.41093433,23,141,0.1772,0.0413
2009,2,philippines,1.448323063,4.219030521,3.859999895,60.88659079,92946951,-0.401300433,24,139,0.1786,0.0411
2010,2,philippines,7.33449996,3.789836348,3.609999895,66.10427851,94636700,5.418030304,24,146,0.1787,0.0404
2011,2,philippines,3.858232828,4.718417047,3.589999914,60.7958367,96337913,2.024219921,26,129,0.177,0.0396
2012,2,philippines,6.896951711,3.026963911,3.5,57.84200551,98032317,5.049330149,34,104,0.1756,0.0387
2013,2,philippines,6.750531301,2.582687661,3.5,55.82478123,99700107,4.964801336,36,93,0.175,0.0397
2014,2,philippines,6.347987483,3.597823439,3.599999905,57.46817209,101325201,4.642336029,38,84,0.1732,0.0405
2015,2,philippines,6.348309717,0.674192537,3.069999933,59.14159211,103031365,4.587218252,35,95,0.172,0.0412
2016,2,philippines,7.14945675,1.253698801,2.700000048,61.77606577,104875266,5.265571274,35,101,0.1707,0.0411
2017,2,philippines,6.930988326,2.853187726,2.549999952,68.16836974,106738501,5.064393253,34,111,0.1686,0.0411
2018,2,philippines,6.341485572,5.309346616,2.339999914,72.1633983,108568836,4.548700918,36,99,0.1662,0.0412
2019,2,philippines,6.118525662,2.392065344,2.24000001,68.84184226,110380804,4.376525552,34,113,0.1662,0.0413
2020,2,philippines,-9.518294741,2.393162393,2.519999981,58.1695603,112190977,-10.97819414,34,115,0.1662,0.0419
2021,2,philippines,5.703155968,3.927180221,2.405999899,63.50157095,113880328,4.135108744,33,117,0.1662,0.0413
1995,3,bhutan,7.074117278,9.487548368,1.445000052,83.88290865,527536,5.800275948,60,32,0.1808,0.0405
1996,3,bhutan,5.565172862,8.790013819,1.417999983,84.62949143,537494,3.609396628,60,32,0.1808,0.0405
1997,3,bhutan,5.373838519,6.505487183,1.404999971,85.21143723,546865,3.568167575,60,32,0.1808,0.0405
1998,3,bhutan,5.914030835,10.58558999,1.399999976,85.58313509,557143,3.960161884,60,32,0.1808,0.0405
1999,3,bhutan,7.983972022,6.776993936,1.399999976,85.86620598,570990,5.36526756,60,32,0.1808,0.0403
2000,3,bhutan,3.355068285,4.012120811,1.593000054,80.35345515,587207,0.500693009,60,32,0.1808,0.0403
2001,3,bhutan,8.348954483,3.414789461,1.899999976,76.42748593,603234,5.470289332,60,32,0.1808,0.0403
2002,3,bhutan,10.99228184,2.455357143,1.889000058,75.47709853,619048,8.156908908,60,32,0.1808,0.0402
2003,3,bhutan,7.823302361,2.572308617,1.799999952,78.63080373,634627,5.176425964,60,32,0.1808,0.0397
2004,3,bhutan,6.008742236,4.105936983,2.49000001,95.94431022,649991,3.502987055,60,32,0.1721,0.0439
2005,3,bhutan,7.287249352,5.312631046,3.099999905,105.5242322,663323,5.130903788,60,32,0.165,0.0452
2006,3,bhutan,6.999738095,5.00045438,3.130000114,116.5497824,673260,5.420472436,60,32,0.1597,0.0461
2007,3,bhutan,18.36085406,5.156111388,3.700000048,114.9338032,681614,16.91019932,50,46,0.1559,0.0468
2008,3,bhutan,4.799460612,8.327160494,3.654999971,109.4032625,689737,3.565242325,52,45,0.1576,0.0465
2009,3,bhutan,6.748333748,4.361122191,3.960000038,109.569558,697678,5.533319776,50,49,0.1622,0.0462
2010,3,bhutan,11.945896,7.036383161,3.319999933,115.9244961,705516,10.70222196,57,37,0.17,0.0457
2011,3,bhutan,7.982617041,8.848985699,3.230000019,114.4008334,713331,6.799598004,57,38,0.1719,0.0454
2012,3,bhutan,5.118400858,10.91965694,2.049999952,104.1868418,721145,3.979385564,63,33,0.1751,0.0451
2013,3,bhutan,2.119972633,7.006666667,2.869999886,105.1993064,728889,1.035010357,63,31,0.1678,0.0458
2014,3,bhutan,5.77649568,8.271060939,2.630000114,96.32561437,736357,4.703729522,65,30,0.1601,0.0467
2015,3,bhutan,6.642232105,4.548143951,2.450000048,97.88095484,743274,5.649806271,65,27,0.1516,0.0473
2016,3,bhutan,8.127033538,3.219886894,2.493000031,83.40888503,749761,7.191508662,65,27,0.1454,0.0476
2017,3,bhutan,4.651834675,4.95508367,2.453000069,81.20673937,756121,3.771571241,67,26,0.14,0.048
2018,3,bhutan,3.055129837,2.723963862,2.444000006,84.18701163,762096,2.247154987,68,25,0.14,0.048
2019,3,bhutan,5.755169993,2.725821043,2.502000093,82.12860548,767459,5.016153346,68,25,0.14,0.048
2020,3,bhutan,-10.00969926,5.62999178,3.648999929,75.92107014,772506,-10.59763133,68,24,0.14,0.048
2021,3,bhutan,4.087618798,7.346838598,4.331999779,84.5616007,777486,3.420910534,68,25,0.14,0.048
1995,4,cambodia,9.903468901,-0.798944338,0.781000018,77.76672805,10919528,7.053353511,23,130,0.2679,0.0456
1996,4,cambodia,5.89750561,7.150861409,0.839999974,69.1615668,11182612,3.406143183,23,130,0.2679,0.0454
1997,4,cambodia,4.006621073,7.960213978,0.907000005,78.93464446,11431569,1.741562238,23,130,0.2679,0.0453
1998,4,cambodia,4.681632108,14.80650354,0.944999993,75.619473,11669077,2.550981579,23,130,0.2679,0.0458
1999,4,cambodia,12.70538113,4.008207021,0.897000015,94.17688808,11899006,10.52753236,23,130,0.2679,0.0458
2000,4,cambodia,9.993580322,-0.791992529,0.967999995,111.6095341,12118841,7.998303815,23,130,0.2679,0.0457
2001,4,cambodia,8.148386098,-0.6006483,1.032999992,114.1410517,12338192,6.225701102,23,130,0.2679,0.0457
2002,4,cambodia,6.578939503,0.211466568,1.097000003,119.6929361,12561779,4.681941845,23,130,0.2679,0.0457
2003,4,cambodia,8.505895557,0.941746118,1.113999963,123.0808122,12787710,6.588832573,23,130,0.2679,0.0457
2004,4,cambodia,10.34052878,4.319336774,1.129999995,134.5114174,13016371,8.402156273,23,130,0.2679,0.0458
2005,4,cambodia,13.25008691,6.61525912,1.131000042,136.8319301,13246583,11.28191678,23,130,0.2679,0.0462
2006,4,cambodia,10.77108367,5.810685505,1.208999991,144.6144535,13477779,8.870931467,21,151,0.2679,0.0465
2007,4,cambodia,10.21257391,8.708827706,1.25999999,138.2681469,13714791,8.307936608,20,162,0.2679,0.0463
2008,4,cambodia,6.691577475,24.09685193,0.819999993,133.3202594,13943888,4.938643119,18,166,0.2679,0.0462
2009,4,cambodia,0.086696959,-1.241717542,0.579999983,105.1384754,14155740,-1.411180716,20,158,0.2679,0.0452
2010,4,cambodia,5.963078575,3.996395281,0.769999981,113.6037182,14363532,4.430149208,21,154,0.2766,0.0448
2011,4,cambodia,7.069569946,5.478447496,0.579999983,113.5818435,14573885,5.524175204,21,164,0.1937,0.0457
2012,4,cambodia,7.313345505,2.934316093,0.50999999,120.5974375,14786640,5.769286083,22,156,0.184,0.0464
2013,4,cambodia,7.356665149,2.941625095,0.439999998,130.0464867,14999683,5.831860524,20,159,0.2075,0.0466
2014,4,cambodia,7.142571101,3.855688614,0.689999998,129.6122323,15210817,5.655376849,21,155,0.182,0.0467
2015,4,cambodia,6.965797814,1.223931955,0.389999986,127.864067,15417523,5.531684682,21,150,0.1818,0.0466
2016,4,cambodia,6.933313973,3.019139751,0.720000029,126.950029,15624584,5.516206233,21,156,0.1821,0.0465
2017,4,cambodia,6.996903699,2.912635574,0.140000001,124.7877735,15830689,5.603875459,21,161,0.1818,0.0465
2018,4,cambodia,7.469169207,2.459085154,0.143000007,124.8986128,16025238,6.164475985,20,161,0.1813,0.0465
2019,4,cambodia,7.054106932,1.942575008,0.147,123.5565238,16207746,5.848619695,20,162,0.1813,0.0465
2020,4,cambodia,-3.096006731,2.940295143,0.331,123.5030089,16396860,-4.213653755,21,160,0.1813,0.0465
2021,4,cambodia,3.026389363,2.920734776,0.611999989,132.2139058,16589023,1.832958016,23,157,0.1813,0.0465
1995,5,bangladesh,5.121277897,10.29781179,2.482000113,28.20949608,117793338,3.177185503,22.9,51,0.1671,0.0469
1996,5,bangladesh,4.522919217,2.37712903,2.50999999,26.07608772,119876868,2.706249817,22.9,51,0.1658,0.0469
1997,5,bangladesh,4.489896498,5.305601057,2.687000036,26.32551339,122039226,2.638487151,19.12,59,0.1647,0.0471
1998,5,bangladesh,5.177026873,8.402237956,2.900000095,27.8800634,124350471,3.222149859,15.34,67,0.1633,0.0472
1999,5,bangladesh,4.670156369,6.106695898,3.055000067,28.38794056,126754824,2.684717105,11.56,75,0.1631,0.0472
2000,5,bangladesh,5.293294719,2.208256209,3.269999981,29.32171436,129193327,3.305900935,7.78,83,0.1623,0.0472
2001,5,bangladesh,5.077287775,2.007173742,3.617000103,32.09801707,131670484,3.100436692,4,91,0.1623,0.0472
2002,5,bangladesh,3.83312394,3.332564933,3.898000002,28.96738072,134139826,1.92168942,12,102,0.1642,0.0471
2003,5,bangladesh,4.7395674,5.668707734,4.320000172,27.6578849,136503206,2.926134543,13,133,0.1669,0.0469
2004,5,bangladesh,5.23953291,7.587536385,4.261000156,26.85823415,138789725,3.50574324,15,145,0.167,0.0469
2005,5,bangladesh,6.535944941,7.046618162,4.25,34.39693486,140912590,4.930968205,17,158,0.1677,0.0467
2006,5,bangladesh,6.671904981,6.765261171,3.589999914,38.11192443,142628831,5.388330716,20,156,0.1676,0.0471
2007,5,bangladesh,7.058599357,9.106984969,4.126999855,39.94238265,144135934,5.939181515,20,162,0.1682,0.0473
2008,5,bangladesh,6.013789759,8.901944895,4.566999912,42.62091403,145421318,5.076730248,21,147,0.1631,0.0475
2009,5,bangladesh,5.045124794,5.423472362,5,40.09279622,146706810,4.124685807,24,139,0.1612,0.0477
2010,5,bangladesh,5.571788188,8.126676392,3.380000114,37.80284267,148391139,4.373484667,24,143,0.1636,0.0478
2011,5,bangladesh,6.464379123,11.39516516,3.770999908,47.42084984,150211005,5.174520875,27,120,0.1625,0.0479
2012,5,bangladesh,6.521458781,6.217504221,4.118999958,48.11092275,152090649,5.20499112,26,143,0.1631,0.0479
2013,5,bangladesh,6.013605658,7.530406409,4.429999828,46.29640272,154030139,4.678721918,27,135,0.1633,0.0479
2014,5,bangladesh,6.061059359,6.991638892,4.383999825,44.5140802,155961299,4.747779227,25,144,0.1627,0.0479
2015,5,bangladesh,6.552639879,6.19428023,4.366000175,42.08599631,157830000,5.291060808,25,139,0.1612,0.048
2016,5,bangladesh,7.113478213,5.513525727,4.349999905,31.33415013,159784568,5.803210398,26,145,0.1615,0.048
2017,5,bangladesh,6.590249998,5.702070157,4.369999886,29.99973067,161793964,5.266455113,28,143,0.1616,0.048
2018,5,bangladesh,7.31941263,5.543621395,4.413000107,32.51463172,163683958,6.080237769,26,149,0.1616,0.048
2019,5,bangladesh,7.881915151,5.591996399,4.438000202,31.57805128,165516222,6.687662727,26,146,0.1616,0.048
2020,5,bangladesh,3.448021455,5.691074747,5.413000107,26.27144655,167420951,2.271105153,26,146,0.1616,0.048
2021,5,bangladesh,6.938675089,5.545654308,5.229000092,27.7240047,169356251,5.716645098,26,147,0.1616,0.048
1995,6,india,7.57449184,10.22488616,5.755000114,22.86744871,964279129,5.452945864,27.8,35,0.1335,0.0831
1996,6,india,7.549522249,8.977152338,5.739999771,21.92948787,983281218,5.471108102,26.3,46,0.1356,0.0832
1997,6,india,4.049820849,7.164252115,5.612999916,22.61938687,1002335230,2.071873277,27.5,45,0.1419,0.083
1998,6,india,6.184415821,13.23083898,5.665999889,23.69947008,1021434576,4.19892116,29,66,0.1473,0.0829
1999,6,india,8.845755561,4.66982038,5.736000061,24.81559804,1040500054,6.851333408,29,72,0.1508,0.0827
2000,6,india,3.840991157,4.00943591,5.56099987,26.90092291,1059633675,1.965952437,28,69,0.1551,0.0826
2001,6,india,4.823966264,3.779293122,5.576000214,25.99325475,1078970907,2.945319359,27,71,0.1629,0.0822
2002,6,india,3.803975321,4.297152039,5.53000021,29.50866294,1098313039,1.975907984,27,71,0.171,0.0815
2003,6,india,7.860381476,3.805858995,5.643000126,30.59243613,1117415123,6.016520564,28,83,0.1794,0.0828
2004,6,india,7.922936613,3.767251735,5.629000187,37.50381406,1136264583,6.132606168,28,90,0.1881,0.0838
2005,6,india,7.923430621,4.24634362,5.612999916,42.00166962,1154638713,6.206011032,29,88,0.1971,0.0843
2006,6,india,8.060732573,5.796523376,5.600999832,45.7244805,1172373788,6.426044715,33,70,0.201,0.0842
2007,6,india,7.660815065,6.372881356,5.572000027,45.68626868,1189691809,6.093625779,35,72,0.205,0.0809
2008,6,india,3.08669806,8.349267049,5.414000034,53.36822044,1206734806,1.630780589,34,85,0.2088,0.0764
2009,6,india,7.861888833,10.88235294,5.544000149,46.27286964,1223640160,6.371709389,34,84,0.2127,0.0765
2010,6,india,8.497584702,11.98938992,5.546000004,49.2552065,1240613620,7.01317458,33,91,0.2164,0.0696
2011,6,india,5.241315001,8.911793365,5.426000118,55.62388001,1257621191,3.81807313,31,95,0.2154,0.0641
2012,6,india,5.456388753,9.478996914,5.414000034,55.79372172,1274487215,4.06082357,36,93,0.217,0.064
2013,6,india,6.386106401,10.01787847,5.423999786,53.84413195,1291132063,5.014611864,36,93,0.22,0.0631
2014,6,india,7.410227605,6.665656719,5.43599987,48.92218575,1307246509,6.086180227,38,84,0.2173,0.0604
2015,6,india,7.996253786,4.906973441,5.434999943,41.92291387,1322866505,6.721067631,38,76,0.2173,0.0603
2016,6,india,8.256305502,4.948216341,5.422999859,40.08248571,1338636340,6.980989701,40,79,0.2173,0.0605
2017,6,india,6.795383419,3.328173375,5.357999802,40.74249695,1354195680,5.568333514,40,81,0.2173,0.0606
2018,6,india,6.453851345,3.938826467,5.329999924,43.61696933,1369003306,5.302408679,41,78,0.2173,0.06
2019,6,india,3.73791852,3.729505735,5.269999981,39.96252793,1383112050,2.679716666,41,80,0.2173,0.0604
2020,6,india,-6.596080522,6.623436776,7.997000217,37.80535358,1396387127,-7.484046473,40,86,0.2173,0.0605
2021,6,india,8.681228731,5.131407472,5.978000164,45.29026574,1407563842,7.818248962,40,85,0.2173,0.0596
1995,7,timor-leste,16.34769215,7.165158914,3.532999992,175.5445494,819226,14.44013935,26,111,0.1759,0.0467
1996,7,timor-leste,16.34769215,7.165158914,3.509000063,175.5445494,831269,14.44013935,26,111,0.1759,0.0467
1997,7,timor-leste,16.34769215,7.165158914,3.559000015,175.5445494,843341,14.44013935,26,111,0.1759,0.0467
1998,7,timor-leste,16.34769215,7.165158914,3.605999947,175.5445494,855409,14.44013935,26,111,0.1759,0.0467
1999,7,timor-leste,16.34769215,7.165158914,3.930000067,175.5445494,866649,14.44013935,26,111,0.1759,0.0467
2000,7,timor-leste,16.34769215,7.165158914,3.413000107,175.5445494,878360,14.44013935,26,111,0.1759,0.046966667
2001,7,timor-leste,16.34769215,7.165158914,3.371999979,166.6963735,893001,14.44013935,26,111,0.1759,0.047233333
2002,7,timor-leste,-6.700694073,7.165158914,3.572999954,180.3731679,909639,-8.407210451,26,111,0.1697,0.0475
2003,7,timor-leste,-2.182267238,7.165158914,3.516000032,122.311984,926721,-3.985315308,26,111,0.1634,0.04805
2004,7,timor-leste,0.4,3.23751394,3.476999998,107.341161,945989,-1.644957394,26,111,0.1599,0.0486
2005,7,timor-leste,2.987649098,1.111674004,3.437999964,74.67592372,969313,0.509518786,26,111,0.1552,0.0489
2006,7,timor-leste,-4.119405976,3.936162599,3.489000082,98.87295538,994564,-6.553719786,26,111,0.15,0.0491
2007,7,timor-leste,10.26241993,10.30090202,3.342000008,128.7608932,1019362,7.580068141,26,123,0.146,0.0492
2008,7,timor-leste,11.39054374,9.064236219,3.315999985,135.2571977,1043076,8.85811527,22,145,0.1475,0.0492
2009,7,timor-leste,10.14430972,0.669681186,3.312000036,157.6984679,1065540,7.822217847,22,146,0.1507,0.0492
2010,7,timor-leste,9.329424057,6.765976802,3.299999952,134.4129399,1088486,7.024687969,25,134,0.152,0.0491
2011,7,timor-leste,5.956053788,13.49984024,3.546999931,140.7829698,1112976,3.624589536,24,143,0.1521,0.0491
2012,7,timor-leste,4.858597922,11.80030967,3.75999999,128.5188149,1137676,2.582020611,33,112,0.1512,0.0491
2013,7,timor-leste,3.10288057,10.98723442,4.017000198,79.6459825,1161555,0.983313537,30,118,0.1517,0.049
2014,7,timor-leste,4.471962123,0.848838206,4.210000038,82.74862375,1184830,2.41969731,28,132,0.1533,0.0489
2015,7,timor-leste,2.763221773,0.646148614,4.446000099,59.91998092,1205813,0.974983728,28,123,0.153,0.0489
2016,7,timor-leste,3.382977353,-1.469842879,4.659999847,59.93958761,1224562,1.800103278,35,101,0.1533,0.0489
2017,7,timor-leste,-3.057649469,0.52297668,4.760000229,58.23622471,1243235,-4.513693186,38,91,0.153,0.0489
2018,7,timor-leste,-0.690255803,2.29424307,4.730999947,64.49177324,1261845,-2.154900303,35,105,0.1523,0.0489
2019,7,timor-leste,23.51379081,0.95881274,4.505000114,70.86426513,1280438,21.72027023,38,93,0.1523,0.0489
2020,7,timor-leste,31.91448717,0.95881274,4.90500021,84.88499715,1299995,29.92997828,40,86,0.1523,0.0489
2021,7,timor-leste,5.29144192,0.95881274,5.073999882,100.1664551,1320942,3.621769948,41,82,0.1523,0.0489
1995,8,"korea, rep.",9.614565393,4.480741086,2.059999943,52.46402196,45092991,8.517153045,42.9,27,0.076,0.05
1996,8,"korea, rep.",7.890703326,4.924543543,2.049999952,52.65397293,45524681,6.867624488,50.2,27,0.0771,0.0494
1997,8,"korea, rep.",6.170552427,4.438931846,2.609999895,57.52303775,45953580,5.179629766,42.9,34,0.0776,0.0495
1998,8,"korea, rep.",-5.129448165,7.513580081,6.960000038,68.49747206,46286503,-5.811819627,44.09090909,34.54545455,0.0758,0.0503
1999,8,"korea, rep.",11.46694243,0.812957254,6.340000153,59.76275376,46616677,10.67745058,45.28181818,35.09090909,0.0774,0.0499
2000,8,"korea, rep.",9.060833325,2.259165801,4.059999943,66.09516011,47008111,8.15268966,46.47272727,35.63636364,0.0783,0.0496
2001,8,"korea, rep.",4.852399572,4.066575879,3.700000048,62.22379722,47370164,4.051006403,47.66363636,36.18181818,0.0789,0.0494
2002,8,"korea, rep.",7.725142675,2.762262103,3.049999952,58.3530394,47644736,7.10433311,48.85454545,36.72727273,0.0798,0.0492
2003,8,"korea, rep.",3.147291194,3.514874515,3.349999905,61.17460128,47892330,2.614039827,50.04545455,37.27272727,0.0801,0.049
2004,8,"korea, rep.",5.197391363,3.590662989,3.420000076,70.01571487,48082519,4.781286153,51.23636364,37.81818182,0.0809,0.0489
2005,8,"korea, rep.",4.308542714,2.753791627,3.480000019,68.32481102,48184561,4.087645147,52.42727273,38.36363636,0.0813,0.0493
2006,8,"korea, rep.",5.264326595,2.242340285,3.25,70.65187353,48438292,4.712927655,53.61818182,38.90909091,0.0845,0.0477
2007,8,"korea, rep.",5.799548415,2.534573821,3.00999999,73.87452529,48683638,5.266361146,54.80909091,39.45454545,0.0843,0.0475
2008,8,"korea, rep.",3.012984873,4.673896555,2.960000038,95.51635243,49054708,2.23375226,56,40,0.0927,0.0473
2009,8,"korea, rep.",0.79269899,2.756496545,3.359999895,86.13361937,49307835,0.27526898,56,41,0.0922,0.0474
2010,8,"korea, rep.",6.804824918,2.939286527,3.319999933,91.3995965,49554112,6.274019889,56,42,0.1036,0.0472
2011,8,"korea, rep.",3.685667782,4.025965004,2.99000001,105.5663136,49936638,2.891411994,56,43,0.1035,0.0471
2012,8,"korea, rep.",2.402530992,2.187071044,2.809999943,105.4583277,50199853,1.865599496,56,44,0.0903,0.0472
2013,8,"korea, rep.",3.164708636,1.301347545,2.75,97.95210495,50428893,2.696150961,55,45,0.0902,0.0472
2014,8,"korea, rep.",3.202453795,1.274774464,3.079999924,90.6144419,50746659,2.556219509,55,43,0.0895,0.0472
2015,8,"korea, rep.",2.809103268,0.706331772,3.549999952,79.13249439,51014947,2.268429401,54,43,0.1176,0.0469
2016,8,"korea, rep.",2.946881715,0.97168574,3.650000095,73.60380947,51217803,2.539144729,53,52,0.1176,0.0468
2017,8,"korea, rep.",3.15963574,1.944332308,3.650000095,77.12091781,51361911,2.870196962,54,51,0.1174,0.0467
2018,8,"korea, rep.",2.907403774,1.47583935,3.819999933,78.98886551,51585058,2.462246216,57,45,0.1174,0.0465
2019,8,"korea, rep.",2.24397786,0.383000304,3.75,75.75713897,51764822,1.8889146,59,39,0.1174,0.0468
2020,8,"korea, rep.",-0.709415359,0.537288023,3.930000067,69.03404509,51836239,-0.846212238,61,33,0.1174,0.0471
2021,8,"korea, rep.",4.145323954,2.498333333,3.532000065,80.49233995,51744876,4.329207461,62,32,0.117,0.0468
1995,9,lao pdr,7.031254328,19.59391899,2.599999905,60.55446614,4927432,4.435925091,33,77,0.186,0.0456
1996,9,lao pdr,6.928323725,13.0244157,2.490999937,63.75717361,5043914,4.458966594,33,77,0.1897,0.0453
1997,9,lao pdr,6.872091273,27.50886245,2.375999928,65.15697077,5150538,4.659675821,33,77,0.1933,0.0451
1998,9,lao pdr,3.967608091,90.98073456,2.41899991,84.26954051,5246922,2.057761911,33,77,0.1897,0.0455
1999,9,lao pdr,7.306376073,125.2721284,2.114000082,80.05845616,5340056,5.434884083,33,77,0.1862,0.0457
2000,9,lao pdr,5.798782326,25.08464143,2.062999964,68.83730137,5430853,4.029960368,33,77,0.1856,0.046
2001,9,lao pdr,5.751412882,7.811807948,1.93599999,65.89943688,5519707,4.049069616,33,77,0.184,0.0463
2002,9,lao pdr,5.918743682,10.63134463,1.797000051,67.25490285,5606101,4.286460578,33,77,0.1801,0.0466
2003,9,lao pdr,6.067002304,15.48935292,1.656999946,60.57209588,5689065,4.520220402,33,77,0.1815,0.0464
2004,9,lao pdr,6.35769548,10.46226673,1.511999965,66.07975162,5768167,4.899154764,33,77,0.1847,0.0462
2005,9,lao pdr,7.107568369,7.165417599,1.350000024,71.79264628,5852970,5.555699297,33,77,0.1865,0.0458
2006,9,lao pdr,8.619266209,6.545594391,1.190000057,81.96137542,5946593,6.909167408,26,111,0.1877,0.0457
2007,9,lao pdr,7.596828801,4.661972695,1.095000029,79.2126289,6041348,5.909235649,19,168,0.1894,0.0457
2008,9,lao pdr,7.824902763,7.628808876,0.967999995,81.84918209,6135861,6.164034787,20,151,0.1853,0.0456
2009,9,lao pdr,7.501774913,0.141187675,0.851000011,76.93082622,6229930,5.878548895,20,158,0.1831,0.0456
2010,9,lao pdr,8.526905517,5.982545216,0.709999979,84.72033789,6323418,6.922399324,21,154,0.1802,0.0455
2011,9,lao pdr,8.038652681,7.568988561,0.726999998,91.69869587,6416327,6.474243139,22,154,0.177,0.0455
2012,9,lao pdr,8.026098434,4.255126778,0.736999989,98.18512643,6508803,6.491281436,21,159,0.1732,0.0455
2013,9,lao pdr,8.026300226,6.371427178,0.745999992,98.17914662,6600742,6.521646656,26,139,0.1782,0.0455
2014,9,lao pdr,7.611963441,4.129243069,0.763000011,99.05973829,6691454,6.153133054,25,144,0.1836,0.0455
2015,9,lao pdr,7.270065843,1.277354271,0.777999997,85.7983217,6787419,5.753411005,25,139,0.1874,0.0455
2016,9,lao pdr,7.022836255,1.596912276,0.791999996,75.09189092,6891363,5.408586405,30,123,0.1913,0.0454
2017,9,lao pdr,6.892530873,0.825478608,0.805000007,75.09189092,6997917,5.26492844,29,135,0.1944,0.0454
2018,9,lao pdr,6.247960008,2.040392669,0.827000022,75.09189092,7105006,4.646555619,29,132,0.1971,0.0454
2019,9,lao pdr,5.457735092,3.322558813,0.851999998,75.09189092,7212053,3.892447903,29,130,0.1971,0.0454
2020,9,lao pdr,0.50303183,5.10407263,1.034000039,75.09189092,7319399,-0.970941437,29,134,0.1971,0.0454
2021,9,lao pdr,2.528351001,3.755620367,1.258000016,75.09189092,7425057,1.069380314,30,128,0.1971,0.0454
1995,10,sri lanka,5.500085234,7.674848734,12.27000046,81.63504909,18242917,4.641628818,37,52,0.1616,0.0464
1996,10,sri lanka,3.799967206,15.93583104,11.35000038,78.87396371,18367290,3.097091968,37,52,0.1692,0.0456
1997,10,sri lanka,6.405399696,9.573696264,10.60000038,80.13755331,18470897,5.808550271,37,52,0.1765,0.0448
1998,10,sri lanka,4.698423048,9.364243007,9.170000076,78.49498913,18564595,4.169996069,37,52,0.1829,0.0434
1999,10,sri lanka,4.300540498,4.69170563,8.880000114,78.75147835,18663293,3.748962878,37,52,0.19,0.0406
2000,10,sri lanka,6.000033158,6.17627591,7.739999771,88.6364417,18777606,5.35473355,37,52,0.196,0.0374
2001,10,sri lanka,-1.545408134,14.1584558,7.900000095,80.89860153,18911727,-2.24364306,37,52,0.2016,0.0353
2002,10,sri lanka,3.964675685,9.55103167,8.760000229,76.33513178,19062476,3.142506997,37,52,0.2079,0.0322
2003,10,sri lanka,5.940269078,6.314637871,8.220000267,75.33624733,19224036,5.049940436,34,66,0.21,0.0333
2004,10,sri lanka,5.445061279,7.57592583,8.380000114,79.4829449,19387153,4.557881915,35,67,0.2106,0.0351
2005,10,sri lanka,6.241748044,11.6396861,7.670000076,73.60397296,19544988,5.3837958,32,78,0.2115,0.0358
2006,10,sri lanka,7.668291901,10.02018361,6.5,71.26117849,19695977,6.842908742,31,84,0.2128,0.0365
2007,10,sri lanka,6.796826119,15.84211149,5.96999979,68.60651166,19842044,6.010642397,32,94,0.205,0.0412
2008,10,sri lanka,5.950088145,22.56449553,5.21999979,63.36904361,19983984,5.197557743,32,92,0.194,0.0442
2009,10,sri lanka,3.538912053,3.464963221,5.849999905,49.14914153,20123508,2.82103706,31,97,0.1856,0.0453
2010,10,sri lanka,8.01596737,6.217648893,4.78000021,48.77727974,20261738,7.27905886,32,101,0.1959,0.0439
2011,10,sri lanka,8.669483012,6.716768436,4.119999886,48.40541796,20398496,7.940928261,33,86,0.2007,0.0422
2012,10,sri lanka,8.632181377,7.542913732,3.880000114,48.03355617,20425000,8.491217493,40,78,0.2057,0.0389
2013,10,sri lanka,4.05174633,6.908450348,4.239999771,47.66169438,20585000,3.242988526,37,90,0.2058,0.0381
2014,10,sri lanka,6.377978897,3.179002282,4.190000057,47.2898326,20778000,5.38986888,38,84,0.2054,0.0377
2015,10,sri lanka,4.205955475,3.768367831,4.519999981,46.91797081,20970000,3.251852306,37,83,0.2045,0.0373
2016,10,sri lanka,5.05362489,3.958888466,4.239999771,46.47153703,21203000,3.899189452,36,95,0.2047,0.0369
2017,10,sri lanka,6.460681271,7.704137679,4.050000191,47.1404098,21444000,5.264214931,38,91,0.2047,0.0369
2018,10,sri lanka,2.310084255,2.135037737,4.320000172,49.80939675,21670000,1.243075531,38,89,0.2047,0.0369
2019,10,sri lanka,-0.220483887,3.528393582,4.349999905,49.42552389,21803000,-0.829146715,38,93,0.2047,0.0369
2020,10,sri lanka,-3.472296819,6.153945084,5.877999783,36.63508659,21919000,-3.983141911,38,94,0.2047,0.0369
2021,10,sri lanka,3.326763818,7.014780712,5.394999981,41.05866694,22156000,2.221490166,37,102,0.2047,0.0369
1995,11,new zealand,4.722465368,3.754944137,6.460000038,56.91425246,3673400,3.200121041,95.5,1,0.1032,0.0507
1996,11,new zealand,3.615490176,2.285713054,6.289999962,55.11617096,3732000,1.988515973,94.3,1,0.098,0.051
1997,11,new zealand,2.049837077,1.187148331,6.860000134,55.24686352,3781300,0.719327208,92.3,4,0.1052,0.0507
1998,11,new zealand,0.797441296,1.265244099,7.71999979,57.89601782,3815000,-0.092958119,94,4,0.1168,0.0501
1999,11,new zealand,5.451130583,-0.11426713,7.019999981,61.40123113,3835100,4.898454584,94,3,0.1316,0.05
2000,11,new zealand,2.905140655,2.615234462,6.130000114,68.51692688,3857700,2.302279837,94,3,0.0969,0.0509
2001,11,new zealand,3.464327387,2.625816304,5.429999828,67.23382435,3880500,2.856419472,94,3,0.1042,0.0507
2002,11,new zealand,4.674608962,2.677092577,5.28000021,62.65599456,3948500,2.871931133,95,2,0.1048,0.0507
2003,11,new zealand,4.549994884,1.753574448,4.75,57.91476935,4027200,2.506867004,95,3,0.1122,0.0505
2004,11,new zealand,4.028302741,2.290249028,4.010000229,58.79955227,4087500,2.493646679,96,2,0.1172,0.0505
2005,11,new zealand,3.320716818,3.037023326,3.809999943,58.01874344,4133900,2.161017439,96,2,0.1027,0.051
2006,11,new zealand,2.881062303,3.365401962,3.859999895,59.60326504,4184600,1.634570437,96,1,0.0912,0.0515
2007,11,new zealand,3.028160489,2.376143103,3.660000086,58.42516057,4223800,2.071982666,94,1,0.0913,0.0514
2008,11,new zealand,-1.111523076,3.958949373,4.170000076,64.40873045,4259800,-1.947239582,93,1,0.0906,0.0513
2009,11,new zealand,-0.135170176,2.115651106,6.119999886,55.14572301,4302600,-1.128572936,94,1,0.0994,0.0512
2010,11,new zealand,1.523877571,2.30202386,6.559999943,58.2516155,4350700,0.401460831,93,1,0.0951,0.051
2011,11,new zealand,2.251758633,4.027906674,6.489999771,59.24046473,4384000,1.475074426,95,1,0.1026,0.0506
2012,11,new zealand,2.245302935,1.059913184,6.929999828,57.02311381,4408100,1.686306587,90,1,0.1137,0.0501
2013,11,new zealand,2.695416618,1.134422664,5.840000153,56.01714828,4442100,1.909382047,91,1,0.1019,0.0506
2014,11,new zealand,3.815427603,1.227507506,5.429999828,55.16462686,4516500,2.105283063,91,2,0.1039,0.0506
2015,11,new zealand,3.744332198,0.292704628,5.409999847,54.87702671,4609400,1.653420483,91,1,0.1096,0.0506
2016,11,new zealand,3.767447717,0.646240284,5.150000095,52.48994548,4714100,1.462776247,90,1,0.1117,0.0507
2017,11,new zealand,3.578278276,1.850787675,4.739999771,54.1811667,4813600,1.437253121,89,1,0.1177,0.0504
2018,11,new zealand,3.359219548,1.598297038,4.329999924,55.78776928,4900600,1.524290743,87,2,0.1194,0.0503
2019,11,new zealand,2.192477216,1.619631902,4.110000134,54.33886785,4979200,0.57930066,87,1,0.1187,0.0504
2020,11,new zealand,-1.252664529,1.7145617,4.590000153,44.22141026,5090200,-3.406009042,88,1,0.1187,0.0503
2021,11,new zealand,3.71401012,3.941120608,4.124000072,49.10124637,5122600,3.058028016,88,1,0.1187,0.0504
1995,12,china,10.95395434,16.79122517,3,34.27696906,1204855000,9.754954889,21.6,40,0.0938,0.16
1996,12,china,9.922556753,8.313160289,3.119999886,33.81474547,1217550000,8.776429811,24.3,50,0.0965,0.1537
1997,12,china,9.236779892,2.786465055,3.230000019,34.53301736,1230075000,8.124497577,28.8,41,0.0965,0.149
1998,12,china,7.845951787,-0.773186012,3.24000001,32.42430463,1241935000,6.816064564,35,52,0.0994,0.1453
1999,12,china,7.6616515,-1.401472683,3.25,33.52416176,1252735000,6.733485658,34,58,0.1002,0.1424
2000,12,china,8.490093406,0.347811227,3.25999999,39.41101485,1262645000,7.638597676,31,63,0.1046,0.14
2001,12,china,8.335733478,0.719125609,3.799999952,38.52735928,1271850000,7.551654832,35,57,0.1096,0.138
2002,12,china,9.13363079,-0.731970902,4.239999771,42.74740363,1280400000,8.404879975,35,59,0.1265,0.1363
2003,12,china,10.03803048,1.127603487,4.579999924,51.803988,1288400000,9.354776644,34,66,0.1323,0.1201
2004,12,china,10.11362138,3.824637431,4.489999771,59.50552422,1296075000,9.46155877,34,71,0.1393,0.1078
2005,12,china,11.39459181,1.776414077,4.519999981,62.20789287,1303720000,10.74137513,32,78,0.143,0.0981
2006,12,china,12.72095567,1.649430995,4.429999828,64.4788839,1311020000,12.09330469,33,70,0.1487,0.0903
2007,12,china,14.23086093,4.816767674,4.349999905,62.19336348,1317885000,13.6358205,35,72,0.1538,0.0839
2008,12,china,9.650678919,5.92525137,4.590000153,57.61271534,1324655000,9.090280101,36,72,0.1529,0.0785
2009,12,china,9.398725633,-0.728165251,4.71999979,45.18487038,1331260000,8.855947676,36,79,0.1552,0.074
2010,12,china,10.63587106,3.175324753,4.53000021,50.71707766,1337705000,10.10283262,35,78,0.152,0.0701
2011,12,china,9.550832179,5.553898923,4.550000191,50.74090459,1345035000,8.953816042,36,75,0.1467,0.0658
2012,12,china,7.863736449,2.619524326,4.570000172,48.26752237,1354190000,7.134523777,39,79,0.1383,0.0662
2013,12,china,7.766150098,2.621050017,4.590000153,46.74437558,1363240000,7.050734134,40,79,0.1389,0.0661
2014,12,china,7.425763656,1.921641628,4.610000134,44.90521595,1371860000,6.750760316,36,99,0.1374,0.0657
2015,12,china,7.041328879,1.437023809,4.630000114,39.46416934,1379860000,6.420736477,37,83,0.14,0.0644
2016,12,china,6.848762205,2.000001822,4.53000021,36.89441502,1387790000,6.238215448,40,79,0.1405,0.0644
2017,12,china,6.947200793,1.593136001,4.440000057,37.63241324,1396215000,6.301863101,41,77,0.1516,0.0626
2018,12,china,6.749773833,2.0747904,4.28000021,37.5657841,1402760000,6.251700556,39,87,0.1485,0.0631
2019,12,china,5.950500754,2.899234164,4.519999981,35.89009603,1407745000,5.575316863,41,80,0.1466,0.0634
2020,12,china,2.239701857,2.419421895,5,34.75429578,1411100000,1.996619014,42,78,0.1556,0.0619
2021,12,china,8.109792581,0.981015136,4.816999912,37.46895824,1412360000,8.01334526,45,66,0.1572,0.0617
1995,13,nepal,3.468451889,7.622969507,1.738000035,59.4905184,22305571,1.098920323,28,90,0.1795,0.046
1996,13,nepal,5.328284176,9.220466624,1.82099998,58.4577687,22783969,3.116692311,28,90,0.1759,0.0464
1997,13,nepal,5.048612536,4.009988605,1.83099997,64.03553489,23249417,2.945563389,28,90,0.1726,0.0466
1998,13,nepal,3.016389481,11.24446778,1.781000018,56.70960129,23703328,1.043659223,28,90,0.169,0.0469
1999,13,nepal,4.412573275,7.45111261,1.850000024,52.56698125,24143157,2.510432735,28,90,0.1666,0.0472
2000,13,nepal,6.199999985,2.478820207,1.855000019,55.710589,24559500,4.399652804,28,90,0.1637,0.0474
2001,13,nepal,4.799892146,2.688303735,1.746000051,55.79992108,24956071,3.134541938,28,90,0.1605,0.0475
2002,13,nepal,0.120143179,3.029399487,1.54400003,46.2307185,25332178,-1.366341192,28,90,0.1594,0.0475
2003,13,nepal,3.945037761,5.707009319,1.595000029,44.24788362,25682908,2.525547293,28,90,0.1594,0.0476
2004,13,nepal,4.682603249,2.841811312,1.55400002,46.14728672,26003965,3.390143328,28,90,0.1567,0.0478
2005,13,nepal,3.479181044,6.836332659,1.457999945,44.06294748,26285110,2.372369836,25,117,0.1548,0.0479
2006,13,nepal,3.364614787,6.920335807,1.393000007,44.76198776,26518971,2.453080468,25,124,0.1539,0.0481
2007,13,nepal,3.411560275,2.269219244,1.33099997,44.57927502,26713655,2.657916634,25,131,0.1538,0.0482
2008,13,nepal,6.104639147,9.907830053,1.330000043,46.03620635,26881544,5.441961372,27,121,0.147,0.0484
2009,13,nepal,4.533078721,11.09482374,1.550999999,47.07944776,27026941,3.970721477,23,143,0.144,0.0485
2010,13,nepal,4.816414651,9.326504107,1.820000052,45.98490577,27161567,4.296893276,22,154,0.1458,0.0485
2011,13,nepal,3.421828238,9.227075461,2.029999971,36.29675203,27266399,3.024199013,22,154,0.1432,0.0486
2012,13,nepal,4.670122149,9.459809804,2.329999924,37.92190606,27330694,4.423887439,27,138,0.1427,0.0486
2013,13,nepal,3.525153174,9.040163119,2.551000118,41.86537574,27381555,3.332856103,31,115,0.1419,0.0478
2014,13,nepal,6.011482841,8.364154697,2.944000006,45.98264161,27462106,5.700533238,29,125,0.1402,0.0478
2015,13,nepal,3.976053274,7.868908956,3.099999905,46.66573039,27610325,3.417884305,27,130,0.1375,0.0477
2016,13,nepal,0.433113718,8.79034332,2.868000031,42.11548612,27861186,-0.471182005,29,131,0.137,0.0479
2017,13,nepal,8.977279354,3.627096107,3.318000078,44.64241062,28183426,7.731269075,31,122,0.1372,0.0478
2018,13,nepal,7.622376108,4.061163388,3.193000078,48.44738695,28506712,6.401863287,31,124,0.1372,0.0478
2019,13,nepal,6.657055428,5.568685478,3.096999884,49.24952659,28832496,5.451916541,34,113,0.1372,0.0477
2020,13,nepal,-2.369620627,5.052366553,4.723999977,40.91886559,29348627,-4.086568589,33,117,0.1372,0.0479
2021,13,nepal,4.246940141,4.087910459,5.052000046,43.81122818,30034989,1.864680626,33,117,0.1372,0.048
1995,14,singapore,7.175401121,1.720533848,3.299999952,345.4592639,3524506,3.968567752,92.6,3,0.1004,0.0494
1996,14,singapore,7.47139086,1.383180525,3.569999933,334.9111633,3670704,3.190985139,88,7,0.1016,0.0491
1997,14,singapore,8.316209111,2.003586185,2.5,323.8644221,3796038,4.739926747,86.6,9,0.1048,0.0485
1998,14,singapore,-2.191015006,-0.267502293,3.410000086,312.0792557,3927213,-5.457986674,91,7,0.1126,0.0487
1999,14,singapore,5.718371757,0.016709834,4.849999905,336.4848464,3958723,4.876891842,91,7,0.1295,0.048
2000,14,singapore,9.038316326,1.361623924,3.700000048,364.3645205,4027887,7.165988202,91,6,0.1344,0.0477
2001,14,singapore,-1.070862751,0.997197956,3.75999999,349.2921057,4138012,-3.703665952,92,4,0.1525,0.0449
2002,14,singapore,3.923360767,-0.391676867,5.650000095,349.746014,4175950,2.979229621,93,5,0.1525,0.0452
2003,14,singapore,4.548255426,0.5079053,5.929999828,377.2185643,4114826,6.101275546,94,5,0.1443,0.0467
2004,14,singapore,9.939982684,1.662727199,5.840000153,401.5237125,4166664,8.572205292,93,5,0.1381,0.0473
2005,14,singapore,7.366322393,0.425106277,5.590000153,420.4305129,4265762,4.872093269,94,5,0.1382,0.0481
2006,14,singapore,9.006766079,0.962901778,4.480000019,425.3633995,4401365,5.648343294,94,5,0.1445,0.0475
2007,14,singapore,9.021519513,2.104880036,3.900000095,394.2884719,4588599,4.572986271,93,4,0.1428,0.0477
2008,14,singapore,1.863483455,6.627781774,3.960000038,437.3267149,4839396,-3.415492694,92,4,0.1535,0.0451
2009,14,singapore,0.127953383,0.596720257,5.860000134,358.1928118,4987573,-2.846771949,92,3,0.1385,0.0471
2010,14,singapore,14.51974971,2.823661349,4.119999886,369.6855558,5076732,12.50852155,93,1,0.1359,0.0474
2011,14,singapore,6.214934169,5.247793398,3.890000105,379.0986314,5183688,4.023381649,92,5,0.1404,0.0469
2012,14,singapore,4.435497594,4.575602704,3.720000029,369.2129658,5312437,1.904462237,87,5,0.1376,0.047
2013,14,singapore,4.817630991,2.358604154,3.859999895,367.04178,5399162,3.133979149,86,5,0.1376,0.0459
2014,14,singapore,3.935540277,1.02514803,3.74000001,360.4673192,5469724,2.594723155,84,7,0.1421,0.0445
2015,14,singapore,2.976799316,-0.522618167,3.789999962,329.4713989,5535002,1.762324686,85,7,0.1421,0.044
2016,14,singapore,3.56169799,-0.53226874,4.079999924,303.3309646,5607283,2.22673004,84,7,0.1421,0.0445
2017,14,singapore,4.661435049,0.57626031,4.199999809,316.3857623,5612253,4.568750821,84,6,0.1421,0.0439
2018,14,singapore,3.661304994,0.438620118,3.642999887,324.3204113,5638676,3.175545099,85,3,0.1421,0.0437
2019,14,singapore,1.095672567,0.565260569,3.099999905,321.8074112,5703569,-0.054554857,85,4,0.1421,0.0437
2020,14,singapore,-4.143105621,-0.181916667,4.099999905,331.7279339,5685807,-3.843656456,85,3,0.1027,0.043
2021,14,singapore,7.613962615,2.30485959,3.624000072,338.3097538,5453566,12.19672081,85,4,0.1027,0.0425
1995,15,mongolia,6.376426886,0.043516101,6.047999859,82.10365876,2330334,5.060652354,43,43,0.1484,0.0489
1996,15,mongolia,2.235093843,46.88995215,6.156000137,77.97407569,2357033,1.077038453,43,43,0.1493,0.049
1997,15,mongolia,3.896713584,36.55611489,6.124000072,99.991449,2381771,2.817601906,43,43,0.1503,0.0491
1998,15,mongolia,3.339936599,9.357042177,6.144999981,107.3512108,2405148,2.335517039,43,43,0.1512,0.0492
1999,15,mongolia,3.070369011,7.564941503,6.159999847,112.2413385,2428488,2.079768105,43,43,0.1531,0.0491
2000,15,mongolia,1.146062137,11.59553876,6.227000237,121.8866098,2450979,0.217912168,40.4,51.4,0.155,0.049
2001,15,mongolia,2.952710543,6.277360205,6.212999821,115.8183269,2472601,2.052426386,37.8,59.8,0.1569,0.0488
2002,15,mongolia,4.732978466,0.917074687,6.199999809,118.5172531,2494617,3.808667738,35.2,68.2,0.1587,0.0487
2003,15,mongolia,7.004634574,5.128994994,6.800000191,120.2993935,2516454,6.076081854,32.6,76.6,0.1635,0.0484
2004,15,mongolia,10.62540596,8.241154494,6.822999954,131.3293182,2537949,9.688471017,30,85,0.1675,0.0482
2005,15,mongolia,7.253665441,12.71656741,7.039000034,122.3814599,2559255,6.360770206,30,85,0.171,0.0479
2006,15,mongolia,8.55623481,5.095166617,7.125,112.9299831,2581242,7.631553616,28,99,0.1721,0.0476
2007,15,mongolia,10.24801636,9.630963096,7.199999809,117.8804264,2605643,9.21557951,30,99,0.1686,0.0476
2008,15,mongolia,8.900367947,27.95566502,5.559999943,121.1980134,2633887,7.732594997,30,102,0.1615,0.0481
2009,15,mongolia,-1.268598941,7.619505935,5.860000134,107.8137572,2666713,-2.483936688,27,120,0.154,0.0485
2010,15,mongolia,6.365161685,10.04620659,6.550000191,103.3500317,2702520,4.955878,27,127,0.1627,0.0485
2011,15,mongolia,17.29077758,8.411214953,4.769999981,126.9992286,2743938,15.52034785,27,120,0.1699,0.0481
2012,15,mongolia,12.31981985,14.33033483,3.900000095,109.5885643,2792349,10.37252931,36,93,0.1717,0.0482
2013,15,mongolia,11.64891619,10.49065676,4.230000019,100.3119897,2845153,9.576792346,38,82,0.1682,0.0484
2014,15,mongolia,7.885225481,12.25398081,4.800000191,109.3223119,2902823,5.741883999,39,79,0.1748,0.0483
2015,15,mongolia,2.379835807,5.735682819,4.860000134,89.65366348,2964749,0.241383711,39,72,0.1673,0.0484
2016,15,mongolia,1.489784485,0.733272227,7.239999771,101.0552372,3029555,-0.681209926,38,87,0.1667,0.0484
2017,15,mongolia,5.63687639,4.301431053,6.360000134,115.9329019,3096030,3.368742244,36,103,0.1643,0.0485
2018,15,mongolia,7.74488062,6.824247901,5.380000114,126.3558732,3163991,5.430572573,37,93,0.1641,0.0485
2019,15,mongolia,5.602244219,7.301069536,5.43900013,124.3965146,3232430,3.366368425,35,106,0.1605,0.0485
2020,15,mongolia,-4.557751973,3.796040261,7.010000229,112.8386476,3294335,-6.351240603,35,111,0.1605,0.0485
2021,15,mongolia,1.636769576,7.352812434,7.081999779,119.0980784,3347782,0.014148861,35,110,0.1605,0.0485
1995,16,maldives,7.858646927,5.488861332,0.790000021,165.9792512,258208,5.555867002,33,84,0.3561,0.005
1996,16,maldives,7.858646927,6.241245915,1.029000044,165.9792512,263841,5.555867002,33,84,0.3561,0.005
1997,16,maldives,8.39794083,7.572834671,1.269000053,165.9792512,269040,6.303230399,33,84,0.3561,0.0051
1998,16,maldives,7.494683025,-1.404252338,1.504999995,165.9792512,273796,5.627436197,33,84,0.3561,0.005
1999,16,maldives,6.175655828,2.953708361,1.74000001,165.9792512,278111,4.528299359,33,84,0.3561,0.0053
2000,16,maldives,3.845810392,-1.174756812,1.970000029,165.9792512,282507,2.229899344,33,84,0.3561,0.0053
2001,16,maldives,-3.943634354,0.67257737,2.996999979,165.9792512,287324,-5.554023717,33,84,0.3561,0.0053
2002,16,maldives,7.268386313,4.178672399,4.188000202,165.9792512,292284,5.448063627,33,84,0.3561,0.0054
2003,16,maldives,13.75004982,-1.260651135,5.394000053,165.9792512,297226,11.85871883,33,84,0.3324,0.0106
2004,16,maldives,6.033754049,-1.685412125,6.415999889,165.9792512,302135,4.310949016,33,84,0.3101,0.0174
2005,16,maldives,-13.12905343,1.300275009,7.201000214,165.9792512,307018,-14.51070152,33,84,0.287,0.0257
2006,16,maldives,26.1114935,2.738421316,9.156000137,165.9792512,314401,23.15004886,33,84,0.2634,0.0326
2007,16,maldives,7.713867271,6.794773539,9.868000031,165.9792512,325126,4.160687191,33,84,0.2397,0.0374
2008,16,maldives,9.485332661,12.04145835,11.05599976,165.9792512,336883,5.664364977,28,115,0.2131,0.0434
2009,16,maldives,-7.228841465,4.530176591,11.69999981,165.9792512,349037,-10.45927452,25,130,0.1861,0.0453
2010,16,maldives,7.265129068,6.149885368,11.28800011,165.9792512,361575,3.545595947,23,146,0.1808,0.0451
2011,16,maldives,8.566733531,11.27341461,10.47200012,165.9792512,374440,4.83660046,25,134,0.1712,0.0451
2012,16,maldives,2.517383942,10.88469566,9.472000122,165.9792512,387539,-0.947751727,27.2,126.2,0.1634,0.0452
2013,16,maldives,7.281073979,3.805630009,8.727000237,165.9792512,400728,3.750175003,29.4,118.4,0.1555,0.0452
2014,16,maldives,7.329626203,2.120001757,7.867000103,165.9792512,416738,3.20629856,31.6,110.6,0.1471,0.0453
2015,16,maldives,2.88454853,0.953206659,6.928999901,149.5237853,435582,-1.566407737,33.8,102.8,0.1377,0.0454
2016,16,maldives,6.338300636,0.502509414,6.119999886,149.0524946,454252,1.967739642,36,95,0.1307,0.0455
2017,16,maldives,7.209910123,2.817473382,5.869999886,151.5636455,472442,3.082105514,33,112,0.1308,0.0455
2018,16,maldives,8.123128908,-0.133373386,5.618999958,153.8325542,489758,4.30030192,31,124,0.1308,0.0454
2019,16,maldives,7.097466015,0.220029731,5.340000153,147.8509937,504508,3.966321169,29,130,0.1308,0.0454
2020,16,maldives,-33.49279579,-1.369774256,6.328000069,117.7780717,514438,-34.77655892,43,75,0.1308,0.0454
2021,16,maldives,41.74510055,0.543149689,6.078000069,143.0847531,521457,39.83716018,40,85,0.1308,0.0454
1995,17,vietnam,9.540480175,5.675,1.899000049,74.72126592,73759110,7.672176131,27.9,43,0.167,0.0462
1996,17,vietnam,9.340017496,5.675,1.929999948,92.7057468,74946448,7.607799877,27.9,43,0.1671,0.0462
1997,17,vietnam,8.152084143,3.209526063,2.869999886,94.34448407,76058603,6.570647246,27.9,43,0.1675,0.0461
1998,17,vietnam,5.764455464,7.266198044,2.289999962,97.00124851,77128424,4.297434233,25,74,0.1675,0.046
1999,17,vietnam,4.773586881,4.117102358,2.329999924,102.7874066,78123713,3.438780911,26,75,0.1669,0.0458
2000,17,vietnam,6.787316408,-1.710337279,2.25999999,111.4170944,79001142,5.601279272,25,76,0.1699,0.0456
2001,17,vietnam,6.192893312,-0.431544512,2.75999999,111.955938,79817777,5.106408112,26,75,0.1712,0.0453
2002,17,vietnam,6.320820988,3.830828382,2.119999886,116.6968687,80642308,5.233738847,24,85,0.1699,0.0453
2003,17,vietnam,6.899063492,3.234648173,2.25,124.3279544,81475825,5.805460737,24,100,0.1657,0.0457
2004,17,vietnam,7.536410612,7.754947487,2.140000105,133.0164979,82311227,6.444990452,26,102,0.1643,0.0462
2005,17,vietnam,7.547247727,8.284572431,2.095000029,130.714846,83142095,6.47249051,26,107,0.1618,0.047
2006,17,vietnam,6.977954812,7.418017151,2.086999893,138.3136219,83951800,5.946165322,26.33333333,111.6666667,0.1589,0.0474
2007,17,vietnam,7.129504484,8.344448898,2.029999971,154.605384,84762269,6.105167318,26.66666667,116.3333333,0.1617,0.0474
2008,17,vietnam,5.661771208,23.11544835,1.927000046,154.3174796,85597241,4.631076534,27,121,0.1645,0.0472
2009,17,vietnam,5.397897543,6.7169827,1.74000001,134.7063177,86482923,4.318505017,27,124,0.1824,0.0459
2010,17,vietnam,6.423238217,9.207466488,1.110000014,113.9776951,87411012,5.293286344,27,127,0.1967,0.0447
2011,17,vietnam,6.413177689,18.67773228,1,125.2605893,88349117,5.283265615,29,112,0.1806,0.0463
2012,17,vietnam,5.50454562,9.094703396,1.029999971,123.2241255,89301326,4.379563692,31,122,0.1651,0.0474
2013,17,vietnam,5.553500245,6.592674759,1.320000052,130.8463436,90267739,4.42343677,31,115,0.1626,0.0475
2014,17,vietnam,6.422246656,4.084554466,1.25999999,135.4105118,91235504,5.293390881,31,118,0.1614,0.0478
2015,17,vietnam,6.987166724,0.631200905,1.850000024,144.9142203,92191398,5.877861594,31,111,0.1631,0.0477
2016,17,vietnam,6.690009213,2.66824817,1.850000024,145.4095071,93126529,5.618680387,33,113,0.1651,0.0476
2017,17,vietnam,6.940187782,3.520256888,1.870000005,160.980072,94033048,5.909238407,35,107,0.1612,0.0474
2018,17,vietnam,7.464991257,3.539628059,1.159999967,164.6639398,94914330,6.467176044,33,117,0.1574,0.0468
2019,17,vietnam,7.359281,2.795823675,2.039999962,164.7042207,95776716,6.392604079,37,96,0.1574,0.0466
2020,17,vietnam,2.865411946,3.220934367,2.390000105,163.2458574,96648685,1.937355342,36,104,0.1574,0.0469
2021,17,vietnam,2.561551142,1.834715548,2.165999889,186.4681832,97468029,1.699389545,39,87,0.1574,0.0465
1995,18,malaysia,9.829085197,3.450575096,3.150000095,192.1132003,20136888,6.839216203,52.8,23,0.1966,0.0415
1996,18,malaysia,10.00270069,3.488559459,2.519999981,181.7669825,20689051,7.066876263,53.2,26,0.1979,0.0416
1997,18,malaysia,7.32274185,2.662514597,2.450000048,185.6651112,21249178,4.493721103,50.1,32,0.1989,0.0417
1998,18,malaysia,-7.359415188,5.270342003,3.200000048,209.4922028,21810542,-9.743816697,53,29,0.1964,0.0417
1999,18,malaysia,6.137612011,2.744561302,3.430000067,217.5709194,22368655,3.489407143,51,32,0.1941,0.0418
2000,18,malaysia,8.85886817,1.534740237,3,220.406789,22945150,6.123798091,48,36,0.192,0.0419
2001,18,malaysia,0.517675319,1.416784732,3.529999971,203.364636,23542517,-2.032856646,50,36,0.1901,0.042
2002,18,malaysia,5.390988307,1.807872463,3.480000019,199.3562327,24142445,2.772073577,49,33,0.1884,0.042
2003,18,malaysia,5.788499286,1.089676326,3.609999895,194.1951291,24739411,3.23580564,52,37,0.1788,0.0422
2004,18,malaysia,6.783437724,1.421271159,3.539999962,210.3742659,25333247,4.28032987,50,39,0.1691,0.0424
2005,18,malaysia,5.332139161,2.975070927,3.529999971,203.8546446,25923536,2.933685374,51,39,0.1732,0.0421
2006,18,malaysia,5.584847067,3.609235642,3.309999943,202.5771468,26509413,3.25134638,50,44,0.1772,0.0417
2007,18,malaysia,6.298785927,2.027353178,3.230000019,192.4655064,27092604,4.0106155,51,43,0.1813,0.0416
2008,18,malaysia,4.831769889,5.440782211,3.319999933,176.6683248,27664296,2.665386035,51,47,0.1809,0.0423
2009,18,malaysia,-1.513528716,0.583308406,3.660000086,162.5589705,28217204,-3.443342806,45,56,0.1805,0.043
2010,18,malaysia,7.424847383,1.622852356,3.390000105,157.9447649,28717731,5.552518522,44,59,0.1752,0.0434
2011,18,malaysia,5.293912834,3.174470922,3.049999952,154.9376846,29184133,3.611173397,43,60,0.1699,0.0438
2012,18,malaysia,5.473454193,1.663571025,3.099999905,147.8417548,29660212,3.780489334,49,53,0.1646,0.0443
2013,18,malaysia,4.693722526,2.105012312,3.160000086,142.7209915,30134807,3.044894403,50,52,0.1566,0.0447
2014,18,malaysia,6.006721946,3.142990509,2.880000114,138.3122312,30606459,4.373135962,52,50,0.1487,0.0451
2015,18,malaysia,5.091532422,2.104389802,3.099999905,131.3700517,31068833,3.527534436,50,54,0.1487,0.0451
2016,18,malaysia,4.449781398,2.090566595,3.440000057,126.8989788,31526418,2.933762254,49,55,0.1487,0.0451
2017,18,malaysia,5.81272241,3.871201158,3.410000086,133.1551909,31975806,4.325630335,47,62,0.1487,0.0452
2018,18,malaysia,4.843086976,0.884709161,3.299999952,130.4025529,32399271,3.472766705,47,61,0.1487,0.0452
2019,18,malaysia,4.413190208,0.662891866,3.25999999,123.0285086,32804020,3.124898885,53,51,0.1487,0.0453
2020,18,malaysia,-5.534456218,-1.138702154,4.504000187,116.8285614,33199993,-6.661137322,51,57,0.1487,0.0454
2021,18,malaysia,3.09215965,2.477102415,4.609000206,130.5697916,33573874,1.944118177,48,62,0.1487,0.0454
1995,19,myanmar,7.203455396,25.1947124,0.694000006,18.8008859,42880186,5.845725023,16,129,0.2649,0.0299
1996,19,myanmar,6.686900342,16.27539664,0.702000022,18.8008859,43423369,5.352353716,16,129,0.2649,0.0299
1997,19,myanmar,6.034804228,29.69723258,0.712000012,18.8008859,43972046,4.711716867,16,129,0.2649,0.0299
1998,19,myanmar,5.761847221,51.48754975,0.713999987,18.8008859,44516185,4.46907818,16,129,0.2649,0.0299
1999,19,myanmar,8.478034119,18.40104337,0.671000004,18.8008859,45041636,7.212540754,16,129,0.2649,0.03
2000,19,myanmar,12.41819164,-0.109165515,0.651000023,18.8008859,45538332,11.19202319,16,129,0.2649,0.0294
2001,19,myanmar,12.46773004,21.10130538,0.674000025,18.8008859,46014826,11.30310109,16,129,0.2649,0.029
2002,19,myanmar,11.70304562,57.07451126,0.671999991,18.8008859,46480230,10.58456914,16,129,0.2649,0.0291
2003,19,myanmar,12.98632489,36.58971753,0.660000026,18.8008859,46924293,11.91709096,16,129,0.2649,0.0297
2004,19,myanmar,13.69528734,4.534213741,0.666000009,18.8008859,47338446,12.70059385,17,142,0.2649,0.029
2005,19,myanmar,13.56694201,9.368618142,0.66900003,18.8008859,47724471,12.64834243,18,155,0.2649,0.029
2006,19,myanmar,13.30686931,19.99648734,0.676999986,18.8008859,48088274,12.44966701,19,160,0.2649,0.0293
2007,19,myanmar,12.50048629,35.02459707,0.689999998,18.8008859,48445647,11.67059468,14,179,0.2649,0.0297
2008,19,myanmar,11.07426765,26.79953719,0.708999991,18.8008859,48729486,10.42728342,13,178,0.2649,0.0291
2009,19,myanmar,10.4098444,1.472343114,0.711000025,18.8008859,49015836,9.76483125,14,178,0.2649,0.0298
2010,19,myanmar,10.06928609,7.718381959,0.72299999,18.8008859,49390988,9.233248702,14,176,0.2649,0.0291
2011,19,myanmar,7.520057227,5.021460146,0.76700002,16.1315685,49794522,6.648716424,15,180,0.2649,0.0294
2012,19,myanmar,6.485754004,1.467583227,0.753000021,11.85539813,50218185,5.587392704,15,171,0.2649,0.0298
2013,19,myanmar,7.898669478,5.643038834,0.746999979,30.98310551,50648334,6.982301631,21,156,0.2649,0.0299
2014,19,myanmar,8.19966375,4.953299185,0.754999995,40.52801627,51072436,7.301181176,21,155,0.2649,0.0298
2015,19,myanmar,3.277279417,9.454171895,0.769999981,44.94722836,51483949,2.451780521,22,147,0.2649,0.0297
2016,19,myanmar,10.50778078,6.928825258,1.177000046,53.91504376,51892349,9.638069185,28,136,0.2157,0.0293
2017,19,myanmar,5.7500645,4.572536553,1.559999943,61.02148174,52288341,4.949194197,30,130,0.1671,0.0292
2018,19,myanmar,6.404977325,6.872328657,0.870000005,62.44890703,52666014,5.641937103,29,132,0.1666,0.0292
2019,19,myanmar,6.750460146,8.825066968,0.5,60.68898922,53040212,5.99733705,29,130,0.1666,0.0292
2020,19,myanmar,3.1737744,8.825066968,1.057999969,55.10412933,53423198,2.434131087,28,137,0.1666,0.0292
2021,19,myanmar,-17.9129448,8.825066968,2.173000097,53.10430966,53798084,-18.48495937,28,140,0.1666,0.0292
1995,20,papua new guinea,-3.312448778,17.28093268,2.838000059,104.739981,4616439,-6.762898492,21,118,0.1806,0.0472
1996,20,papua new guinea,7.733695798,11.62417829,2.654999971,107.8033526,4785895,3.919127957,21,118,0.1806,0.0469
1997,20,papua new guinea,-3.904389656,3.964378052,2.887000084,99.20797503,4960439,-7.285725907,21,118,0.1787,0.0474
1998,20,papua new guinea,-3.769113218,13.57419177,2.904000044,102.8609321,5138829,-7.109685144,21,118,0.1773,0.048
1999,20,papua new guinea,1.855553994,14.93218174,2.816999912,116.0068021,5321388,-1.638768931,21,118,0.1762,0.0485
2000,20,papua new guinea,-2.494841993,15.59589331,2.920000076,115.421838,5508297,-5.803412968,21,118,0.1754,0.0484
2001,20,papua new guinea,-0.121288606,9.298173328,2.803999901,117.5803671,5698489,-3.454827001,21,118,0.1739,0.0483
2002,20,papua new guinea,-0.158900533,11.7994471,2.733999968,118.9191103,5892596,-3.447749165,21,118,0.173,0.0481
2003,20,papua new guinea,2.164102502,14.70907797,2.621000051,123.449069,6090980,-1.163395423,21,118,0.172,0.0477
2004,20,papua new guinea,2.721175741,2.158931313,2.540999889,131.082911,6293166,-0.579036527,26,102,0.1705,0.0475
2005,20,papua new guinea,6.344795923,1.780804399,2.40899992,131.082911,6498818,2.979565512,23,130,0.1696,0.0471
2006,20,papua new guinea,5.409944091,2.368462384,2.355000019,131.082911,6708217,2.119541159,24,130,0.1688,0.047
2007,20,papua new guinea,7.815189229,0.911350456,2.244999886,131.082911,6921066,4.499463701,20,162,0.1674,0.0469
2008,20,papua new guinea,-0.296457846,10.76141823,2.311000109,131.082911,7137988,-3.326428164,20,151,0.1651,0.0473
2009,20,papua new guinea,6.800421483,6.918325326,2.121999979,131.082911,7358890,3.594445214,21,154,0.1621,0.0475
2010,20,papua new guinea,10.12845407,6.013608936,2,131.082911,7583269,6.869897321,21,154,0.1638,0.0478
2011,20,papua new guinea,1.107543626,4.44083401,2.619999886,131.082911,7806637,-1.785403722,22,154,0.164,0.0483
2012,20,papua new guinea,4.657119597,4.537205082,2.54399991,131.082911,8026545,1.7897666,25,149,0.164,0.0484
2013,20,papua new guinea,3.824946328,4.96031746,2.546000004,131.082911,8245627,1.066371766,25,143,0.1639,0.0486
2014,20,papua new guinea,13.54377062,5.222117202,2.375,131.082911,8464153,10.6123177,25,144,0.1636,0.0488
2015,20,papua new guinea,6.578356323,5.995957781,2.476000071,131.082911,8682174,3.902031266,25,139,0.1628,0.0488
2016,20,papua new guinea,5.489573153,6.673728814,2.483999968,131.082911,8899169,2.917343102,28,136,0.1636,0.0488
2017,20,papua new guinea,3.534610818,5.42204568,2.506999969,131.082911,9114796,1.085312169,29,135,0.1641,0.0488
2018,20,papua new guinea,-0.279252285,4.374489215,2.563999891,131.082911,9329227,-2.571319961,28,138,0.164,0.0488
2019,20,papua new guinea,4.480430622,3.928672909,2.448999882,131.082911,9542486,2.145463386,28,137,0.1637,0.0488
2020,20,papua new guinea,-3.167381176,4.871673986,2.595000029,131.082911,9749640,-5.224817586,27,142,0.1637,0.0488
2021,20,papua new guinea,0.3,4.48359014,2.752000093,131.082911,9949437,-1.714148047,31,124,0.1637,0.0488
1995,21,indonesia,8.220007399,9.420323216,4.59800005,53.95859006,198140162,6.465882891,19.4,41,0.1902,0.0422
1996,21,indonesia,7.818187077,7.973280856,4.860000134,52.26474366,201373791,6.086859406,26.5,45,0.1951,0.042
1997,21,indonesia,4.699878854,6.226141634,4.679999828,55.99385881,204628007,3.034828082,27.2,46,0.1688,0.0431
1998,21,indonesia,-13.12672549,58.45104447,5.460000038,96.18619236,207855486,-14.47565149,20,80,0.1399,0.044
1999,21,indonesia,0.791126082,20.47783111,6.360000134,62.94391286,210996910,-0.709500929,17,96,0.1358,0.0461
2000,21,indonesia,4.920067747,3.68861916,6.079999924,71.43687592,214072421,3.412714203,17,85,0.137,0.0479
2001,21,indonesia,3.643466447,11.50011488,6.079999924,69.79320753,217112437,2.192246975,19,88,0.1467,0.0483
2002,21,indonesia,4.499475391,11.90011757,6.599999905,59.07946177,220115092,3.073967174,19,96,0.1429,0.0486
2003,21,indonesia,4.780369122,6.757317194,6.659999847,53.61649375,223080121,3.387699835,19,122,0.1388,0.0484
2004,21,indonesia,5.030873945,6.064059885,7.300000191,59.76129484,225938595,3.702070328,20,133,0.1517,0.0477
2005,21,indonesia,5.692571304,10.45319842,7.940000057,63.98793587,228805144,4.368418668,22,137,0.1612,0.0465
2006,21,indonesia,5.500951785,13.1086721,7.550000191,56.65712681,231797427,4.13903544,24,130,0.154,0.0469
2007,21,indonesia,6.345022227,6.406562813,8.06000042,54.82924998,234858289,4.959048417,23,143,0.1584,0.0472
2008,21,indonesia,6.0137036,10.22666455,7.210000038,58.56139963,237936543,4.642173599,26,126,0.1812,0.0463
2009,21,indonesia,4.628871183,4.38641555,6.110000134,45.51212137,240981299,3.30690394,28,111,0.2015,0.0472
2010,21,indonesia,6.223854181,5.134204008,5.610000134,46.70127388,244016173,4.90272858,28,116,0.1636,0.0465
2011,21,indonesia,6.169784208,5.35604779,5.150000095,50.18001318,247099697,4.844905701,30,100,0.1756,0.0448
2012,21,indonesia,6.030050653,4.279499996,4.46999979,49.5828983,250222695,4.70670292,32,117,0.1748,0.0446
2013,21,indonesia,5.557263689,6.412513302,4.340000153,48.63737268,253275918,4.284778457,32,113,0.1703,0.0447
2014,21,indonesia,5.006668426,6.394925408,4.050000191,48.08017559,256229761,3.796140768,34,106,0.1706,0.0448
2015,21,indonesia,4.8763223,6.363121131,4.510000229,41.93764024,259091970,3.717745469,36,88,0.1808,0.0447
2016,21,indonesia,5.033069183,3.525805157,4.300000191,37.4213418,261850182,3.926698091,37,90,0.1582,0.0448
2017,21,indonesia,5.069785901,3.80879807,3.880000114,39.35549707,264498852,4.017625608,37,96,0.1553,0.0449
2018,21,indonesia,5.17429154,3.198346416,4.400000095,43.07430896,267066843,4.162984291,38,89,0.1785,0.045
2019,21,indonesia,5.01928768,3.03058665,3.619999886,37.62777754,269582878,4.039135657,40,85,0.1785,0.045
2020,21,indonesia,-2.065004941,1.920968006,4.28000021,32.97559557,271857970,-2.884591447,37,102,0.1785,0.0452
2021,21,indonesia,3.691240112,1.560129905,4.413000107,40.42276773,273753191,2.97337518,38,96,0.1785,0.0451
1995,22,brunei darussalam,4.47870734,5.966641395,5.184000015,115.5439642,299097,1.976921959,55,39,0.1244,0.0467
1996,22,brunei darussalam,2.878317747,1.99613651,5.236999989,120.5739637,306196,0.49313578,55,39,0.1244,0.0467
1997,22,brunei darussalam,-1.471171572,1.711560045,5.191999912,115.6796683,313215,-3.679156013,55,39,0.1244,0.0417
1998,22,brunei darussalam,-0.558508851,-0.44137931,5.331999779,107.8761062,320152,-2.713190453,55,39,0.1244,0.0417
1999,22,brunei darussalam,3.052157142,-0.415627598,5.574999809,104.2195716,327045,0.88016699,55,39,0.1244,0.0467
2000,22,brunei darussalam,2.849421858,1.558152476,5.677999973,103.1716255,333926,0.730069451,55,39,0.1244,0.0467
2001,22,brunei darussalam,2.744040518,0.595890411,5.784999847,108.7188707,340748,0.687036971,55,39,0.1244,0.0467
2002,22,brunei darussalam,3.872096967,-2.314972425,5.940999985,108.7479691,347463,1.864685729,55,39,0.1244,0.0467
2003,22,brunei darussalam,2.903955477,0.3,6.012000084,105.2584676,354045,0.990882746,55,39,0.1244,0.0468
2004,22,brunei darussalam,0.504318253,0.814223995,6.020999908,100.5895707,360461,-1.284601231,55,39,0.1244,0.0468
2005,22,brunei darussalam,0.387507208,1.244437119,6.125,97.45761662,366717,-1.3250511,55,39,0.1244,0.0464
2006,22,brunei darussalam,4.397719678,0.159888078,6.409999847,96.94114936,372808,2.692052121,55,39,0.123,0.0459
2007,22,brunei darussalam,0.154581812,0.96777412,6.333000183,95.75046726,378748,-1.416167647,55,39,0.1229,0.0456
2008,22,brunei darussalam,-1.939714638,2.084980237,6.348999977,105.9138441,384568,-3.423745709,55,39,0.1229,0.0462
2009,22,brunei darussalam,-1.764535541,1.035717743,6.465000153,108.5726365,390311,-3.209963091,55,39,0.1252,0.047
2010,22,brunei darussalam,2.598965746,0.356869132,6.774000168,95.36894596,396053,1.111479826,55,41,0.1253,0.0474
2011,22,brunei darussalam,3.745318352,0.137911563,6.940999985,99.53654036,401506,2.336315197,55,43,0.1241,0.0478
2012,22,brunei darussalam,0.912841671,0.111766261,6.915999889,105.641024,406634,-0.359754944,55,45,0.124,0.0483
2013,22,brunei darussalam,-2.126028517,0.389205053,6.880000114,110.9368788,411702,-3.330844835,60,37,0.1256,0.0486
2014,22,brunei darussalam,-2.508352566,-0.207108732,6.96999979,102.4209688,416656,-3.667518932,59.33333333,38.33333333,0.1288,0.049
2015,22,brunei darussalam,-0.39238375,-0.488347421,7.784999847,89.89379008,421437,-1.522384232,58.66666667,39.66666667,0.1303,0.049
2016,22,brunei darussalam,-2.477917718,-0.278693266,8.383000374,87.31826708,425994,-3.521143982,58,41,0.1325,0.049
2017,22,brunei darussalam,1.328602552,-1.260505646,9.319999695,85.17674905,430276,0.320205439,62,32,0.1321,0.049
2018,22,brunei darussalam,0.052237791,1.025051793,8.699999809,93.89631987,434274,-0.868860057,63,31,0.1314,0.049
2019,22,brunei darussalam,3.869109865,-0.390522069,6.920000076,108.5096584,438048,2.974226152,60,35,0.1314,0.049
2020,22,brunei darussalam,1.13357335,1.940319966,7.68200016,110.2910037,441725,0.291718917,60,35,0.1314,0.049
2021,22,brunei darussalam,-1.59076248,1.733413885,7.649000168,147.1231127,445373,-2.396821442,60,35,0.1314,0.049
1995,23,australia,3.887106294,4.6277666,8.470000267,37.70663074,18004882,2.736499286,88,7,0.084,0.0517
1996,23,australia,3.856841227,2.615384615,8.510000229,38.236017,18224767,2.603790281,86,10,0.0827,0.0517
1997,23,australia,3.912835473,0.224887556,8.359999657,37.98335693,18423037,2.794518342,88.6,8,0.0869,0.0517
1998,23,australia,4.613356892,0.86013463,7.679999828,39.99405994,18607584,3.575818587,87,11,0.0901,0.0517
1999,23,australia,4.956324506,1.483129403,6.869999886,39.05611309,18812264,3.81438537,87,12,0.1002,0.0515
2000,23,australia,3.901171371,4.457435148,6.28000021,40.96698683,19028802,2.71882937,83,13,0.1059,0.0514
2001,23,australia,2.041417338,4.407135362,6.739999771,44.25035649,19274701,0.739613358,85,11,0.0965,0.0516
2002,23,australia,3.993589865,2.981574539,6.369999886,41.47167985,19495210,2.817325413,86,11,0.1017,0.0515
2003,23,australia,3.111398208,2.732595966,5.929999828,40.2223014,19720737,1.932212851,88,8,0.1069,0.0515
2004,23,australia,4.216633273,2.343255225,5.389999866,37.02971214,19932722,3.108286755,88,9,0.1117,0.0514
2005,23,australia,3.15375271,2.691831683,5.03000021,39.18259407,20176844,1.905683368,88,9,0.1124,0.0513
2006,23,australia,2.740635704,3.555287737,4.78000021,41.58778021,20450966,1.363514029,87,9,0.124,0.051
2007,23,australia,3.777916783,2.327611289,4.380000114,42.03654561,20827622,1.901150677,86,11,0.1192,0.0513
2008,23,australia,3.568270032,4.35029855,4.230000019,42.86407277,21249199,1.5135102,87,9,0.1062,0.0515
2009,23,australia,1.870486961,1.771117166,5.559999943,45.74675662,21691653,-0.20740929,87,8,0.1127,0.0513
2010,23,australia,2.20656631,2.918340027,5.210000038,40.52033064,22031750,0.628836598,87,8,0.1149,0.0513
2011,23,australia,2.391385132,3.303850156,5.079999924,41.84255109,22340024,0.978468035,88,8,0.1094,0.0513
2012,23,australia,3.902007806,1.762780156,5.21999979,43.1667351,22733465,2.10380811,85,7,0.1165,0.0508
2013,23,australia,2.578754288,2.449888641,5.659999847,41.27489915,23128129,0.828325558,81,9,0.1248,0.0505
2014,23,australia,2.579017112,2.487922705,6.079999924,42.47174241,23475686,1.060337085,80,11,0.1191,0.0505
2015,23,australia,2.152735906,1.508366722,6.050000191,41.62310841,23815995,0.693065823,79,13,0.1182,0.0507
2016,23,australia,2.730547992,1.276990945,5.710000038,40.82283483,24190907,1.13842434,79,13,0.1143,0.051
2017,23,australia,2.282183642,1.948647409,5.590000153,41.95134487,24594202,0.604963408,77,13,0.128,0.0505
2018,23,australia,2.883045123,1.911400944,5.300000191,43.38954812,24966643,1.348282752,77,13,0.1123,0.0503
2019,23,australia,2.171396224,1.610767873,5.159999847,45.8267257,25340217,0.665151145,77,12,0.1128,0.0504
2020,23,australia,-0.050885336,0.846905537,6.460000038,44.23343408,25655289,-1.278358059,77,11,0.1128,0.0506
2021,23,australia,2.236212439,2.863910422,5.111999989,39.87004541,25688079,2.105711229,73,18,0.1128,0.0499
1995,24,pakistan,4.962609148,12.34357852,0.603999972,36.13275367,133117476,1.90928657,22.5,39,0.164,0.0483
1996,24,pakistan,4.846581284,10.37380859,0.600000024,38.33012683,137234810,1.700962517,10,53,0.1665,0.0483
1997,24,pakistan,1.014396014,11.37549289,0.542999983,36.8522661,141330267,-1.912790951,25.3,48,0.1764,0.0474
1998,24,pakistan,2.550234295,6.228004154,0.56099999,34.01172518,145476106,-0.372285234,27,71,0.1856,0.0458
1999,24,pakistan,3.660132743,4.142637181,0.573000014,32.31996281,149694462,0.739013705,22,87,0.1817,0.0465
2000,24,pakistan,4.260088012,4.366664513,0.578999996,25.36342969,154369924,1.102322127,22.5,83,0.1769,0.0472
2001,24,pakistan,3.554418216,3.148261446,0.564999998,27.63004524,159217727,0.401431242,23,79,0.1717,0.0475
2002,24,pakistan,2.508337724,3.290344726,0.547999978,27.63380672,163262807,-0.031459517,26,77,0.1731,0.0473
2003,24,pakistan,5.777033992,2.914134701,0.589999974,29.79639645,166876680,3.486331857,25,92,0.1754,0.047
2004,24,pakistan,7.546860015,7.444624693,0.612999976,27.54962543,170648620,5.169692809,21,129,0.1752,0.0468
2005,24,pakistan,6.518778074,9.06332737,0.592999995,32.15442914,174372098,4.244215049,21,144,0.193,0.0453
2006,24,pakistan,5.898984442,7.921084401,0.579999983,35.68172966,178069984,3.699835752,22,142,0.1809,0.0466
2007,24,pakistan,4.832817277,7.598684411,0.400000006,32.99042857,181924521,2.6116655,24,138,0.1692,0.0475
2008,24,pakistan,1.701405466,20.28612109,0.419999987,35.59420149,185931955,-0.490588214,25,134,0.1642,0.0479
2009,24,pakistan,2.831658519,13.64776506,0.540000021,32.07184826,190123222,0.564734298,24,139,0.1623,0.0482
2010,24,pakistan,1.606688629,12.93887056,0.649999976,32.86892658,194454498,-0.656496931,23,146,0.1645,0.0482
2011,24,pakistan,2.748405917,11.91609271,0.800000012,32.93990515,198602738,0.60228723,25,134,0.1685,0.0476
2012,24,pakistan,3.50703342,9.682351861,1.847000003,32.80550221,202205861,1.662633011,27,138,0.1665,0.0479
2013,24,pakistan,4.396456634,7.692156119,2.950000048,33.33359868,205337562,2.804256529,28,126,0.1643,0.0483
2014,24,pakistan,4.674707982,7.189384028,1.830000043,30.90124462,208251628,3.209994306,29,125,0.169,0.0473
2015,24,pakistan,4.731147475,2.529328173,3.569999933,27.65467252,210969298,3.382018952,30,117,0.1726,0.0458
2016,24,pakistan,5.526735845,3.765119164,3.779000044,24.70157951,213524840,4.263753957,32,116,0.1702,0.0459
2017,24,pakistan,4.432625907,4.08537368,3.915999889,25.47203641,216379655,3.05478922,32,117,0.1684,0.0459
2018,24,pakistan,6.151702611,5.078057259,4.079999924,27.62605637,219731479,4.532445206,33,117,0.1665,0.0459
2019,24,pakistan,2.497636929,10.5783618,3.542000055,28.9055758,223293280,0.862674222,32,120,0.1665,0.0459
2020,24,pakistan,-1.274087443,9.739993139,4.302999973,26.71628046,227196741,-2.97029465,31,124,0.1665,0.0459
2021,24,pakistan,6.487086774,9.496210561,4.352000237,27.05014373,231402117,4.551848476,28,140,0.1665,0.0459
1995,25,thailand,8.120315346,5.818181818,1.100000024,89.75617494,59424834,6.637786546,27.9,34,0.2271,0.0045
1996,25,thailand,5.651944465,5.805105547,1.070000052,84.274148,60211096,4.272296615,33.3,37,0.2222,0.0047
1997,25,thailand,-2.753575153,5.625797471,0.870000005,95.05179065,60989108,-3.994106257,30.6,39,0.2079,0.0047
1998,25,thailand,-7.634035286,7.99472875,3.400000095,100.2404737,61745217,-8.765114592,30,61,0.1947,0.0051
1999,25,thailand,4.572307751,0.284726459,2.970000029,100.7062887,62442651,3.404319498,32,68,0.2118,0.0052
2000,25,thailand,4.455247043,1.591969175,2.390000105,121.2979554,63066603,3.421814811,32,60,0.2166,0.005
2001,25,thailand,3.44424901,1.626908873,2.599999905,120.2679663,63649892,2.496283653,32,61,0.2319,0.005
2002,25,thailand,6.149036052,0.697308977,1.820000052,114.969743,64222580,5.202479885,32,64,0.2218,0.0104
2003,25,thailand,7.189243303,1.804349946,1.539999962,116.6928197,64776956,6.271893252,33,70,0.2367,0.0032
2004,25,thailand,6.289342143,2.759149262,1.50999999,127.4118737,65311166,5.419952834,36,64,0.2314,0.0092
2005,25,thailand,4.187638429,4.540369196,1.350000024,137.8538668,65821360,3.380060038,38,59,0.2286,0.01
2006,25,thailand,4.967810892,4.63747436,1.220000029,134.0869462,66319525,4.179335862,36,63,0.2259,0.0116
2007,25,thailand,5.435151691,2.241540953,1.179999948,129.873227,66826754,4.6348769,33,84,0.2203,0.0133
2008,25,thailand,1.725698849,5.468489496,1.179999948,140.4370115,67328239,0.968009165,35,80,0.231,0.0084
2009,25,thailand,-0.690618232,-0.845716092,0.949000001,119.2694189,67813654,-1.401481911,34,84,0.2169,0.0187
2010,25,thailand,7.513390533,3.247588424,0.620000005,127.2505226,68270489,6.793959919,35,87,0.2266,0.0086
2011,25,thailand,0.840132083,3.808790581,0.660000026,139.6754072,68712846,0.190947238,34,80,0.2192,0.0151
2012,25,thailand,7.242796202,3.014899503,0.579999983,137.6749385,69157023,6.554004502,37,87,0.2163,0.0107
2013,25,thailand,2.687495563,2.184886185,0.25,132.4622742,69578602,2.065308706,35,101,0.2015,0.0261
2014,25,thailand,0.984468864,1.895141819,0.579999983,130.9054954,69960943,0.432582323,38,84,0.2045,0.0188
2015,25,thailand,3.134047249,-0.900424963,0.600000024,124.8396622,70294397,2.644812515,38,76,0.1919,0.0329
2016,25,thailand,3.435157717,0.188149704,0.689999998,120.5752273,70607037,2.977158499,35,101,0.1933,0.0149
2017,25,thailand,4.177681032,0.665631893,0.829999983,120.8914274,70898202,3.749843744,37,96,0.1879,0.0149
2018,25,thailand,4.222870287,1.063897542,0.769999981,120.8418647,71127802,3.886439661,36,99,0.1779,0.0149
2019,25,thailand,2.151656122,0.706728601,0.720000029,109.6684955,71307763,1.893853697,36,101,0.1776,0.0149
2020,25,thailand,-6.19548916,-0.845937147,1.100000024,97.82492568,71475664,-6.415842078,36,104,0.1776,0.0149
2021,25,thailand,1.533835584,1.230395413,1.417999983,116.6571964,71601103,1.355957001,35,110,0.1776,0.0149
